id,user_id,data
68,20240910125609328735,"{""current_url"": ""/4-system_analysis"", ""existing_id"": ""20240910125609328735"", ""viewport_size"": {""width"": 2364, ""height"": 1360}, ""impairment"": ""No"", ""work"": [""research""], ""expertise"": ""climate risk scenarios; risk assesment for regions; hydrology"", ""use_frequency"": 4, ""viztype_barchart"": 2, ""viztype_pcp"": 4, ""viztype_heatmap"": 4, ""viztype_pathways"": 2, ""completed_introduction"": ""yes"", ""pathway_number"": 7, ""f_resilient_crops"": 2, ""long_term"": ""small_dikes"", ""flexibility"": ""Flood_Resilient_Crops"", ""alternatives_easy"": 4, ""alternatives_confidence"": 4, ""alternatives_enough_information"": 2, ""alternatives_scalability"": 4, ""alternative_challenge"": ""What is most the option to be implemented at a later stage. Large dike increase are the last option most often. However, small dike elevations occur most often in the last two steps. Requires some thinking "", ""alternative_advantage"": ""Clear what the order of options is. What options allow flexiibility"", ""completed_alternative_pathways"": ""yes"", ""risk_owner_hazard"": ""flood_agr"", ""timehorizon"": ""60"", ""scenarios"": ""Wp"", ""robustness_metric"": ""average"", ""robustness_plot"": ""StackedBar"", ""interacting_sectors"": [""drought_agr""], ""coding"": ""different objectives"", ""crop_loss"": 50, ""robustness"": [4], ""tradeoff"": [0], ""general_interactions"": ""synergies"", ""interaction_least_productivity_loss"": [4, 3], ""robustness_easy"": 4, ""robustness_enough_information"": 4, ""robustness_enough_informationn"": 3, ""robustness_scalability"": 4, ""robustness_challenge"": ""The crop productivity loss stays at 20 when hovering over different bars;\nthe synergies are not clear they subtract from the bar. Maybe add - pattern and + pattern in the bars instead?"", ""completed_pathways_robustness"": ""yes"", ""robustness_advantage"": ""I like to see the interaction effects"", ""sectoral_interactions_maps"": ""drought_agr"", ""first_measure"": 2052, ""number_measures"": 2, ""most_flexible15"": ""Flood_Resilient_Crops"", ""most_flexible4"": ""Flood_Resilient_Crops"", ""timing_shifts"": ""earlier"", ""ditch_shift"": -4, ""pathways_maps_easy"": 3, ""pathways_maps_confidence"": 4, ""pathways_maps_enough_information"": 3, ""pathways_maps_scalability"": 3, ""pathways_challenge"": ""Not clear if in the flood resillient crops pathways both subsequent measures need to be taken or only one of two .\nPathway numbers were not very clear. Maybe put them at the right hand side?"", ""pathways_advantage"": ""I like seeing the timing effects."", ""completed_pathways_maps"": ""yes"", ""pathway_flood_agr"": [1], ""pathway_drought_agr"": [5], ""pathway_flood_urb"": [6, 3], ""pathway_drought_shp"": [0], ""system_analysis_focus"": ""system_performance"", ""system_analysis_pathways_1560"": 2, ""system_analysis_pathways_1530"": 1, ""system_analysis_pathways_which_better"": ""3"", ""system_analysis_performance_1560"": 110, ""system_analysis_performance_1530"": 20, ""system_analysis_performance_which_better"": ""3"", ""system_analysis_pathways_easy"": 4, ""system_analysis_performance_easy"": 2, ""system_analysis_pathways_confidence"": 4, ""system_analysis_performance_confidence"": 4, ""system_analysis_pathways_enough_information"": 3, ""system_analysis_performance_enough_information"": 3, ""system_analysis_pathways_scalability"": 4, ""system_analysis_performance_scalability"": 2, ""system_analysis_challenge"": ""The numbers indicating the pathway combinations in the performance heatmap is tricky to follow  "", ""system_analysis_advantage"": ""Nice the doing fewer things corresponds to better flood farmer costs"", ""completed_system_analysis"": ""yes""}"
1,20240903093424525645,"{""existing_id"": ""20240903093424525645"", ""viewport_size"": {""width"": 1920, ""height"": 927}, ""current_url"": ""/3-pathways-maps"", ""completed_introduction"": ""yes"", ""impairment"": ""No"", ""work"": [""research""], ""expertise"": ""adaptation pathways; multi-risk; flood risk management"", ""use_frequency"": 4, ""viztype_barchart"": 3, ""viztype_pcp"": 2, ""viztype_heatmap"": 4, ""viztype_pathways"": 3, ""risk_owner_hazard"": ""flood_agr"", ""interactions"": [{""label"": ""No interactions"", ""value"": [""no_interactions""]}, {""label"": ""Farmer - Drought"", ""value"": [""drought_agr""]}, {""label"": ""Municipality - Flood"", ""value"": [""flood_urb""]}, {""label"": ""Ship company - Drought"", ""value"": [""drought_shp""]}, {""label"": ""Farmer - Drought & Municipality - Flood"", ""value"": [""drought_agr"", ""flood_urb""]}, {""label"": ""Farmer - Drought & Ship company - Drought"", ""value"": [""drought_agr"", ""drought_shp""]}, {""label"": ""Municipality - Flood & Ship company - Drought"", ""value"": [""flood_urb"", ""drought_shp""]}, {""label"": ""Farmer - Drought & Municipality - Flood & Ship company - Drought"", ""value"": [""drought_agr"", ""flood_urb"", ""drought_shp""]}], ""pathway_number"": 7, ""f_resilient_crops"": 2, ""long_term"": ""large_dikes"", ""flexibility"": ""Flood_Resilient_Crops"", ""easy"": 5, ""confidence"": 5, ""enough_information"": 5, ""scalability"": 5, ""alternative_challenge"": ""information is spread over the entire figure (e.g. to find most flexible measure) I need to read the y-axis on the right) and move back to the left."", ""alternative_advantage"": ""hover information very helpful"", ""completed_alternative_pathways"": ""yes"", ""completed_pathways_robustness"": ""yes"", ""timehorizon"": ""60"", ""scenarios"": ""Wp"", ""robustness_metric"": ""average"", ""robustness_plot"": ""StackedBar"", ""interacting_sectors_robustness"": [""drought_agr""], ""coding"": ""objectives"", ""crop_loss"": 60, ""robustness"": [4], ""tradeoff"": [2], ""general_interactions"": ""synergies"", ""interaction_least_productivity_loss"": [4], ""likkert_use-robustness_easy"": 3, ""likkert_use-robustness_confidence"": 3, ""likkert_use-robustness_enough_information"": 4, ""likkert_use-robustness_scalability"": 2, ""robustness_challenge"": ""quite complex visualization. counter-intuitive to map best performance on shorter lengths. interaction effects seem to increase lenght of bar."", ""robustness_advantage"": ""nothing"", ""sectoral_interactions_maps"": [""drought_agr""], ""first_measure"": 2049, ""number_measures"": 2, ""most_flexible15"": [7], ""most_flexible4"": [7], ""timing_shifts"": ""earlier"", ""ditch_shift"": 1, ""likkert_use-pathways_maps_easy"": 4, ""likkert_use-pathways_maps_confidence"": 4, ""likkert_use-pathways_maps_enough_information"": 4, ""likkert_use-pathways_maps_scalability"": 4, ""pathways_challenge"": ""none"", ""pathways_advantage"": ""none"", ""completed_pathways_maps"": ""yes""}"
2,20240903095513697053,"{""existing_id"": ""20240903095513697053"", ""viewport_size"": {""width"": 1280, ""height"": 567}, ""current_url"": ""/3-pathways-maps"", ""completed_introduction"": ""yes"", ""impairment"": ""No"", ""work"": [""research""], ""expertise"": ""f"", ""use_frequency"": 1, ""viztype_barchart"": 1, ""viztype_pcp"": 1, ""viztype_heatmap"": 1, ""viztype_pathways"": 1, ""risk_owner_hazard"": ""flood_agr"", ""interactions"": [{""label"": ""No interactions"", ""value"": [""no_interactions""]}, {""label"": ""Farmer - Drought"", ""value"": [""drought_agr""]}, {""label"": ""Municipality - Flood"", ""value"": [""flood_urb""]}, {""label"": ""Ship company - Drought"", ""value"": [""drought_shp""]}, {""label"": ""Farmer - Drought & Municipality - Flood"", ""value"": [""drought_agr"", ""flood_urb""]}, {""label"": ""Farmer - Drought & Ship company - Drought"", ""value"": [""drought_agr"", ""drought_shp""]}, {""label"": ""Municipality - Flood & Ship company - Drought"", ""value"": [""flood_urb"", ""drought_shp""]}, {""label"": ""Farmer - Drought & Municipality - Flood & Ship company - Drought"", ""value"": [""drought_agr"", ""flood_urb"", ""drought_shp""]}], ""pathway_number"": 3, ""f_resilient_crops"": 3, ""long_term"": ""Flood_Resilient_Crops"", ""flexibility"": ""large_dikes"", ""easy"": 1, ""confidence"": 2, ""enough_information"": 2, ""scalability"": 2, ""alternative_challenge"": ""f"", ""alternative_advantage"": ""f"", ""completed_alternative_pathways"": ""yes"", ""completed_pathways_robustness"": ""yes"", ""coding"": ""d"", ""crop_loss"": 3, ""robustness"": [1], ""tradeoff"": [1], ""general_interactions"": ""no_effect"", ""interaction_least_productivity_loss"": [1], ""likkert_use-robustness_easy"": 1, ""likkert_use-robustness_confidence"": 1, ""likkert_use-robustness_enough_information"": 1, ""likkert_use-robustness_scalability"": 1, ""robustness_challenge"": ""f"", ""robustness_advantage"": ""f"", ""completed_pathways_maps"": ""yes"", ""first_measure"": 4, ""number_measures"": 4, ""most_flexible15"": ""small_dikes"", ""most_flexible4"": ""local_support"", ""timing_shifts"": ""later"", ""ditch_shift"": 5, ""likkert_use-pathways_maps_easy"": 2, ""likkert_use-pathways_maps_confidence"": 2, ""likkert_use-pathways_maps_enough_information"": 1, ""likkert_use-pathways_maps_scalability"": 1, ""pathways_challenge"": ""f"", ""pathways_advantage"": ""f""}"
4,20240903101649829897,"{""existing_id"": ""20240903101649829897"", ""viewport_size"": {""width"": 775, ""height"": 304}, ""current_url"": ""/0-introduction"", ""completed_introduction"": ""yes"", ""impairment"": ""No"", ""work"": [""research""], ""expertise"": ""Adaptation "", ""use_frequency"": 4, ""viztype_barchart"": 3, ""viztype_pcp"": 2, ""viztype_heatmap"": 3, ""viztype_pathways"": 1, ""risk_owner_hazard"": ""flood_agr"", ""interactions"": [{""label"": ""No interactions"", ""value"": [""no_interactions""]}, {""label"": ""Farmer - Drought"", ""value"": [""drought_agr""]}, {""label"": ""Municipality - Flood"", ""value"": [""flood_urb""]}, {""label"": ""Ship company - Drought"", ""value"": [""drought_shp""]}, {""label"": ""Farmer - Drought & Municipality - Flood"", ""value"": [""drought_agr"", ""flood_urb""]}, {""label"": ""Farmer - Drought & Ship company - Drought"", ""value"": [""drought_agr"", ""drought_shp""]}, {""label"": ""Municipality - Flood & Ship company - Drought"", ""value"": [""flood_urb"", ""drought_shp""]}, {""label"": ""Farmer - Drought & Municipality - Flood & Ship company - Drought"", ""value"": [""drought_agr"", ""flood_urb"", ""drought_shp""]}]}"
5,20240903123152327056,"{""existing_id"": ""20240903123152327056"", ""viewport_size"": {""width"": 2552, ""height"": 1316}, ""current_url"": ""/2-pathways-robustness"", ""completed_introduction"": ""yes"", ""impairment"": ""No"", ""work"": [""research""], ""expertise"": ""flood; risk"", ""use_frequency"": 3, ""viztype_barchart"": 4, ""viztype_pcp"": 3, ""viztype_heatmap"": 4, ""viztype_pathways"": 3, ""risk_owner_hazard"": ""flood_agr"", ""interactions"": [{""label"": ""No interactions"", ""value"": [""no_interactions""]}, {""label"": ""Farmer - Drought"", ""value"": [""drought_agr""]}, {""label"": ""Municipality - Flood"", ""value"": [""flood_urb""]}, {""label"": ""Ship company - Drought"", ""value"": [""drought_shp""]}, {""label"": ""Farmer - Drought & Municipality - Flood"", ""value"": [""drought_agr"", ""flood_urb""]}, {""label"": ""Farmer - Drought & Ship company - Drought"", ""value"": [""drought_agr"", ""drought_shp""]}, {""label"": ""Municipality - Flood & Ship company - Drought"", ""value"": [""flood_urb"", ""drought_shp""]}, {""label"": ""Farmer - Drought & Municipality - Flood & Ship company - Drought"", ""value"": [""drought_agr"", ""flood_urb"", ""drought_shp""]}], ""pathway_number"": 7, ""f_resilient_crops"": 2, ""long_term"": ""large_dikes"", ""flexibility"": ""Flood_Resilient_Crops"", ""easy"": 4, ""confidence"": 3, ""enough_information"": 3, ""scalability"": 4, ""alternative_challenge"": ""It was difficult to assess which option is the most flexible as you have to oversee the whole figure. The colors are not heling this assessment"", ""alternative_advantage"": ""I like the colors: purple for the local measures and green for the large scale measures"", ""completed_alternative_pathways"": ""yes"", ""completed_pathways_robustness"": ""yes"", ""timehorizon"": ""60"", ""scenarios"": ""D"", ""robustness_metric"": ""average"", ""robustness_plot"": ""PCP"", ""interacting_sectors_robustness"": [""drought_agr""], ""coding"": ""each color is one pathway"", ""crop_loss"": 60, ""robustness"": [4], ""tradeoff"": [1], ""general_interactions"": ""synergies"", ""interaction_least_productivity_loss"": [5], ""likkert_use-robustness_easy"": 4, ""likkert_use-robustness_confidence"": 3, ""likkert_use-robustness_enough_information"": 2, ""likkert_use-robustness_scalability"": 4, ""robustness_challenge"": ""its is difficult to distuingish between pathways; It would be great that if you click on a pathway, the pathway becomes thicker, so you can see its scores more easily"", ""robustness_advantage"": ""Great to see the scores over several indicators and to allow for comparison across pathways"", ""sectoral_interactions_maps"": [""no_interactions""]}"
3,20240903100805540119,"{""existing_id"": ""20240903100805540119"", ""viewport_size"": {""width"": 1920, ""height"": 927}, ""current_url"": ""/2-pathways-robustness"", ""completed_introduction"": ""yes"", ""impairment"": ""No"", ""work"": [""research""], ""expertise"": ""3"", ""viztype_barchart"": 1, ""viztype_pcp"": 1, ""viztype_heatmap"": 2, ""viztype_pathways"": 2, ""use_frequency"": 1, ""risk_owner_hazard"": ""flood_agr"", ""interactions"": [{""label"": ""No interactions"", ""value"": [""no_interactions""]}, {""label"": ""Farmer - Drought"", ""value"": [""drought_agr""]}, {""label"": ""Municipality - Flood"", ""value"": [""flood_urb""]}, {""label"": ""Ship company - Drought"", ""value"": [""drought_shp""]}, {""label"": ""Farmer - Drought & Municipality - Flood"", ""value"": [""drought_agr"", ""flood_urb""]}, {""label"": ""Farmer - Drought & Ship company - Drought"", ""value"": [""drought_agr"", ""drought_shp""]}, {""label"": ""Municipality - Flood & Ship company - Drought"", ""value"": [""flood_urb"", ""drought_shp""]}, {""label"": ""Farmer - Drought & Municipality - Flood & Ship company - Drought"", ""value"": [""drought_agr"", ""flood_urb"", ""drought_shp""]}], ""pathway_number"": 5, ""f_resilient_crops"": 3, ""long_term"": ""small_dikes"", ""flexibility"": ""small_dikes"", ""easy"": 1, ""confidence"": 1, ""enough_information"": 2, ""scalability"": 2, ""alternative_challenge"": ""4"", ""alternative_advantage"": ""4"", ""completed_alternative_pathways"": ""yes"", ""completed_pathways_robustness"": ""yes"", ""timehorizon"": ""60"", ""scenarios"": ""G"", ""robustness_metric"": ""average"", ""robustness_plot"": ""StackedBar"", ""interacting_sectors_robustness"": [""no_interactions""], ""coding"": ""3"", ""crop_loss"": 4, ""robustness"": [2], ""tradeoff"": [2], ""general_interactions"": ""no_effect"", ""interaction_least_productivity_loss"": [2], ""likkert_use-robustness_easy"": 2, ""likkert_use-robustness_confidence"": 2, ""likkert_use-robustness_enough_information"": 2, ""likkert_use-robustness_scalability"": 2, ""robustness_challenge"": ""f"", ""robustness_advantage"": ""f"", ""sectoral_interactions_maps"": null}"
6,20240906151249104893,"{""existing_id"": ""20240906151249104893"", ""viewport_size"": {""width"": 1920, ""height"": 927}, ""current_url"": ""/0-introduction"", ""completed_introduction"": ""yes"", ""impairment"": ""No"", ""work"": [""research""], ""expertise"": ""f"", ""use_frequency"": 1, ""viztype_barchart"": 1, ""viztype_pcp"": 1, ""viztype_heatmap"": 1, ""viztype_pathways"": 1, ""risk_owner_hazard"": ""flood_agr"", ""interactions"": [{""label"": ""No interactions"", ""value"": [""no_interactions""]}, {""label"": ""Farmer - Drought"", ""value"": [""drought_agr""]}, {""label"": ""Municipality - Flood"", ""value"": [""flood_urb""]}, {""label"": ""Ship company - Drought"", ""value"": [""drought_shp""]}, {""label"": ""Farmer - Drought & Municipality - Flood"", ""value"": [""drought_agr"", ""flood_urb""]}, {""label"": ""Farmer - Drought & Ship company - Drought"", ""value"": [""drought_agr"", ""drought_shp""]}, {""label"": ""Municipality - Flood & Ship company - Drought"", ""value"": [""flood_urb"", ""drought_shp""]}, {""label"": ""Farmer - Drought & Municipality - Flood & Ship company - Drought"", ""value"": [""drought_agr"", ""flood_urb"", ""drought_shp""]}], ""completed_alternative_pathways"": ""no""}"
34,20240909082046936521,"{""existing_id"": ""20240909082046936521"", ""viewport_size"": null, ""current_url"": ""/0-introduction""}"
67,20240910124126128434,"{""current_url"": ""/0-introduction"", ""existing_id"": ""20240910124126128434"", ""viewport_size"": {""width"": 1912, ""height"": 964}, ""impairment"": ""No"", ""completed_introduction"": ""no"", ""viztype_pcp"": 1, ""viztype_heatmap"": 1, ""viztype_pathways"": 1}"
69,20240910132019582838,"{""current_url"": ""/1-measure-sequences"", ""existing_id"": ""20240910132019582838"", ""viewport_size"": {}, ""impairment"": ""No"", ""work"": [""research""], ""expertise"": ""climate adaptation; decision making under uncertainty; delta"", ""use_frequency"": 4, ""viztype_barchart"": 4, ""viztype_pcp"": 3, ""viztype_heatmap"": 3, ""viztype_pathways"": 4, ""completed_introduction"": ""yes"", ""pathway_number"": 7, ""f_resilient_crops"": 2, ""long_term"": ""large_dikes"", ""flexibility"": ""Flood_Resilient_Crops"", ""alternatives_easy"": 3, ""alternatives_confidence"": 5, ""alternatives_enough_information"": 2, ""alternatives_scalability"": 3, ""alternative_challenge"": ""it took a while to understand differences and similarities between pathways. Why is there no switch between pathwyas 3 first option to pathway 5 second option? In the end 1, 3, 5 are the same but differnt sequence. "", ""alternative_advantage"": ""seeing the options after choice 1"", ""completed_alternative_pathways"": ""yes""}"
70,20240910134709851178,"{""current_url"": ""/4-system_analysis"", ""existing_id"": ""20240910134709851178"", ""viewport_size"": {""width"": 1272, ""height"": 684}, ""impairment"": ""No"", ""work"": [""research""], ""expertise"": ""climate adaptation; flood adaptation; socioeconomic evaluations"", ""use_frequency"": 2, ""viztype_barchart"": 2, ""viztype_pcp"": 1, ""viztype_heatmap"": 3, ""viztype_pathways"": 1, ""completed_introduction"": ""yes"", ""pathway_number"": 7, ""f_resilient_crops"": 2, ""long_term"": ""large_dikes"", ""flexibility"": ""Flood_Resilient_Crops"", ""alternatives_easy"": 4, ""alternatives_confidence"": 4, ""alternatives_enough_information"": 3, ""alternatives_scalability"": 4, ""alternative_challenge"": ""1) for the question on which strategy is considered the most in the long-term: whether that answer is supposed to be large dike or small dike. Since at the latest sequence point, large dike occurs three times and small dike two times, but small dike occurs three times at the sequence before that, so maybe that still counts as that measure occuring more in the long-term? but that is probably subjective and a matter of interpretation. 2) The timing of the measures was a bit difficult to understand, as here it appears there are equal intervals between each measure and for each pathway"", ""completed_alternative_pathways"": ""yes"", ""alternative_advantage"": ""Gives a nice overview on the most useful optimal pathways. "", ""risk_owner_hazard"": ""flood_agr"", ""timehorizon"": ""60"", ""scenarios"": ""Wp"", ""robustness_metric"": ""average"", ""robustness_plot"": ""PCP"", ""interacting_sectors"": [""drought_agr""], ""coding"": ""the different pathways"", ""crop_loss"": 59, ""robustness"": [4, 1], ""tradeoff"": [0, 1], ""general_interactions"": ""synergies"", ""interaction_least_productivity_loss"": [1, 0, 2, 3, 4, 5, 6, 7], ""robustness_easy"": 2, ""robustness_enough_information"": 2, ""robustness_enough_informationn"": 3, ""robustness_scalability"": 2, ""robustness_challenge"": ""1) difficult to follow the lines across the figure - some colors were difficult to distinguish, so hard to determine what the value was for some of the pathways (and hence answer the questions. 2) Not entirely sure if I understood robustness correctly or not; in particular with the interaction effects. I interpreted it as the line with the lowest crop loss/impacted livestock respectively (also, in the figure the word livestock is misspelled) - however, with the interaction effects I could also imagine that robustness means the pathway that changes the least in terms of position compared to the no interaction effect "", ""robustness_advantage"": ""1) being able to compare different variables simultaneously. "", ""completed_pathways_robustness"": ""yes"", ""sectoral_interactions_maps"": ""drought_agr"", ""first_measure"": 2052, ""number_measures"": 2, ""most_flexible15"": ""Flood_Resilient_Crops"", ""most_flexible4"": ""Flood_Resilient_Crops"", ""timing_shifts"": ""earlier"", ""ditch_shift"": -3, ""pathways_maps_easy"": 2, ""pathways_maps_confidence"": 2, ""pathways_maps_enough_information"": 4, ""pathways_maps_scalability"": 4, ""pathways_challenge"": ""1) some of the circles are close together so a bit harder to click on them correctly and visually follow along"", ""pathways_advantage"": ""the timing is very clear here; and the tipping points as well. "", ""completed_pathways_maps"": ""yes"", ""pathway_flood_agr"": [1], ""pathway_drought_agr"": [4], ""pathway_flood_urb"": [3], ""pathway_drought_shp"": [0], ""system_analysis_focus"": ""system_performance"", ""system_analysis_pathways_1560"": 2, ""system_analysis_pathways_1530"": 1, ""system_analysis_pathways_which_better"": ""3"", ""system_analysis_performance_1560"": 110, ""system_analysis_performance_1530"": 18, ""system_analysis_performance_which_better"": ""3"", ""system_analysis_pathways_easy"": 2, ""system_analysis_performance_easy"": 3, ""system_analysis_pathways_confidence"": 4, ""system_analysis_performance_confidence"": 4, ""system_analysis_pathways_enough_information"": 2, ""system_analysis_performance_enough_information"": 4, ""system_analysis_pathways_scalability"": 2, ""system_analysis_performance_scalability"": 4, ""system_analysis_challenge"": ""(spelling things: on the top of this page it says 'on actor' instead of 'one actor' and a space is missing between risk.However and together.This). 1) I found the legend a bit confusing, in particular that it starts with the symbols of the measures that are not being considered. "", ""system_analysis_advantage"": ""the choice on how many pathways to visualize. "", ""completed_system_analysis"": ""yes""}"
71,20240911125545023768,"{""current_url"": ""/0-introduction"", ""existing_id"": ""20240911125545023768"", ""viewport_size"": {}, ""impairment"": ""No"", ""work"": [""research""], ""expertise"": ""DMDU, Water Resources Systems"", ""use_frequency"": 5, ""viztype_barchart"": 4, ""viztype_pcp"": 4, ""viztype_heatmap"": 4, ""viztype_pathways"": 4, ""completed_introduction"": ""yes""}"
73,20240911133207970743,"{""current_url"": ""/0-introduction"", ""existing_id"": ""20240911133207970743"", ""viewport_size"": {}, ""impairment"": ""No"", ""work"": [""other""], ""completed_introduction"": ""yes"", ""expertise"": ""adaptation"", ""use_frequency"": 5, ""viztype_barchart"": 3, ""viztype_pcp"": 2, ""viztype_heatmap"": 5, ""viztype_pathways"": 3}"
107,20240918153755013715,"{""current_url"": ""/4-system_analysis"", ""existing_id"": ""20240918153755013715"", ""viewport_size"": {""width"": 1470, ""height"": 767}, ""impairment"": ""No"", ""work"": [""research""], ""expertise"": ""climate change, policymaking"", ""use_frequency"": 4, ""viztype_barchart"": 4, ""viztype_pcp"": 1, ""viztype_heatmap"": 2, ""viztype_pathways"": 1, ""completed_introduction"": ""yes"", ""pathway_number"": 7, ""f_resilient_crops"": 2, ""long_term"": ""large_dikes"", ""flexibility"": ""Flood_Resilient_Crops"", ""alternatives_easy"": 2, ""alternatives_confidence"": 3, ""alternatives_enough_information"": 3, ""alternatives_scalability"": 2, ""alternative_challenge"": ""The sequence isn't intuitive nor is it intuitive why theyre labeled as alternative pathways"", ""alternative_advantage"": ""I like the variation in the button colors and symbols"", ""completed_alternative_pathways"": ""yes"", ""robustness_plot"": ""Heatmap"", ""drop_down_option"": {""Heatmap"": ""Heatmap""}, ""risk_owner_hazard"": ""flood_agr"", ""timehorizon"": ""60"", ""scenarios"": ""Wp"", ""robustness_metric"": ""average"", ""interacting_sectors"": [""drought_agr""], ""coding"": ""Robustness"", ""crop_loss"": 60, ""robustness"": [5, 7], ""tradeoff"": [6], ""general_interactions"": ""notclear"", ""interaction_least_productivity_loss"": [3, 4], ""robustness_easy"": 2, ""robustness_enough_information"": 2, ""robustness_enough_informationn"": 3, ""robustness_scalability"": 2, ""robustness_challenge"": ""There's too much information in this figure for it to be easy to understand. The asterix, while helpful to have the explanation, busies the figure. Having so many different colors that are unintuitive with the order of the numbers is confusing. For example, the lower numbers can be associated with a higher robustness which is a darker color - too many things going on at once."", ""robustness_advantage"": ""The pathway options are clearly marked and numbered"", ""completed_pathways_robustness"": ""yes"", ""sectoral_interactions_maps"": ""drought_agr"", ""first_measure"": 2052, ""number_measures"": 3, ""most_flexible15"": ""Flood_Resilient_Crops"", ""most_flexible4"": ""Flood_Resilient_Crops"", ""timing_shifts"": ""notclear"", ""ditch_shift"": 3, ""pathways_maps_easy"": 1, ""pathways_maps_confidence"": 1, ""pathways_maps_enough_information"": 3, ""pathways_maps_scalability"": 2, ""pathways_challenge"": ""I don't know what the filled in vs. not filed circles meant. The vertical stacking of some points makes it hard to understand. And, It's hard to tell where the pathways are connected. Also some of the questions say 'need to be' but I'm not sure what goal necessitates anything. It is hard to differentiate the colors between the options to answer some questions since this is so reliant on visual information rather than words. "", ""pathways_advantage"": ""I found this one pretty hard to understand!"", ""completed_pathways_maps"": ""yes"", ""pathway_flood_agr"": [1, 0], ""pathway_drought_agr"": [0, 1], ""pathway_flood_urb"": [0, 1], ""pathway_drought_shp"": [0, 1], ""system_analysis_pathways_which_better"": ""6"", ""system_analysis_performance_1560"": 3, ""system_analysis_performance_1530"": 60, ""system_analysis_performance_which_better"": ""6"", ""system_analysis_pathways_easy"": 1, ""system_analysis_performance_easy"": 1, ""system_analysis_pathways_confidence"": 1, ""system_analysis_performance_confidence"": 1, ""system_analysis_pathways_enough_information"": 1, ""system_analysis_performance_enough_information"": 1, ""system_analysis_pathways_scalability"": 1, ""system_analysis_performance_scalability"": 1, ""completed_system_analysis"": ""yes"", ""system_analysis_challenge"": ""It was very hard to understand the different options"", ""system_analysis_advantage"": ""Numbers are clear"", ""system_analysis_pathways_1560"": 3, ""system_analysis_pathways_1530"": 6}"
72,20240911131743744578,"{""current_url"": ""/4-system_analysis"", ""existing_id"": ""20240911131743744578"", ""viewport_size"": {""width"": 1920, ""height"": 947}, ""impairment"": ""No"", ""work"": [""research""], ""expertise"": ""Climate adaptation; delta adaptation; climate change "", ""use_frequency"": 5, ""viztype_barchart"": 2, ""viztype_pcp"": 1, ""viztype_heatmap"": 1, ""viztype_pathways"": 3, ""completed_introduction"": ""yes"", ""risk_owner_hazard"": ""flood_agr"", ""pathway_number"": 7, ""f_resilient_crops"": 2, ""long_term"": ""large_dikes"", ""flexibility"": ""Flood_Resilient_Crops"", ""alternatives_easy"": 5, ""alternatives_confidence"": 5, ""alternatives_enough_information"": 5, ""alternatives_scalability"": 5, ""alternative_advantage"": ""The icons are clear, the colors assist distinguishing the measures, the axis titles are clear"", ""completed_alternative_pathways"": ""yes"", ""alternative_challenge"": ""none"", ""timehorizon"": ""100"", ""scenarios"": ""Wp"", ""robustness_metric"": ""average"", ""robustness_plot"": ""StackedBar"", ""interacting_sectors"": [""drought_agr""], ""coding"": ""Objectives"", ""crop_loss"": 60, ""robustness"": [4], ""tradeoff"": [0], ""general_interactions"": ""synergies"", ""interaction_least_productivity_loss"": [1, 3, 4], ""robustness_easy"": 5, ""robustness_enough_information"": 4, ""robustness_enough_informationn"": 5, ""robustness_scalability"": 5, ""robustness_challenge"": ""I think lifestock is supposed to be livestock. If I put the farmer-flood interaction on, and I try change between time frames (60 years vs 100 years), it does not automatically update the plot.. I have to change to no interaction and then re-choose the interaction again."", ""robustness_advantage"": ""Very clear descriptions on the bottom when hovering over each box "", ""completed_pathways_robustness"": ""yes"", ""sectoral_interactions_maps"": ""drought_agr"", ""first_measure"": 2052, ""number_measures"": 2, ""most_flexible15"": ""Flood_Resilient_Crops"", ""most_flexible4"": ""Flood_Resilient_Crops"", ""timing_shifts"": ""earlier"", ""ditch_shift"": -3, ""pathways_maps_easy"": 5, ""pathways_maps_confidence"": 4, ""pathways_maps_enough_information"": 5, ""pathways_maps_scalability"": 5, ""completed_pathways_maps"": ""yes"", ""pathways_challenge"": ""none"", ""pathways_advantage"": ""none"", ""system_analysis_focus"": ""system_pathways"", ""pathway_flood_agr"": [1], ""pathway_drought_agr"": [5], ""pathway_flood_urb"": [3], ""pathway_drought_shp"": [0], ""system_analysis_pathways_1560"": 2, ""system_analysis_pathways_1530"": 1, ""system_analysis_pathways_which_better"": ""3"", ""system_analysis_performance_which_better"": ""3"", ""system_analysis_pathways_easy"": 5, ""system_analysis_performance_easy"": 3, ""system_analysis_pathways_confidence"": 5, ""system_analysis_performance_confidence"": 3, ""system_analysis_pathways_enough_information"": 5, ""system_analysis_performance_enough_information"": 4, ""system_analysis_pathways_scalability"": 5, ""system_analysis_performance_scalability"": 3, ""system_analysis_challenge"": ""I think there is a small typo- Until now, we only considered the perspective from \""on\"" actor and risk.  I also did not see Pathway 0 in the shipping company-drought pathway in the first question, unless pathway 0 is the same as \""not considered\"". I wasn't sure if pathway 0 was supposed to remain selected in the first performance robustness map. I also didn't know how many years to select for these maps as the time horizon (I used 100 years). "", ""system_analysis_advantage"": ""The colors are nice and distinct, the pathways map is clear and the pathways are well highlighted. Visually appealing "", ""completed_system_analysis"": ""yes"", ""system_analysis_performance_1560"": 150, ""system_analysis_performance_1530"": 30}"
75,20240912045322662271,"{""current_url"": ""/1-measure-sequences"", ""existing_id"": ""20240912045322662271"", ""viewport_size"": {""width"": 1646, ""height"": 964}, ""impairment"": ""No"", ""work"": [""research""], ""expertise"": ""Multi-hazards; statistical modelling; DRM"", ""use_frequency"": 4, ""viztype_barchart"": 3, ""viztype_pcp"": 2, ""viztype_heatmap"": 4, ""viztype_pathways"": 3, ""completed_introduction"": ""yes"", ""risk_owner_hazard"": ""flood_agr"", ""pathway_number"": 7, ""f_resilient_crops"": 2, ""long_term"": ""small_dikes"", ""flexibility"": ""Flood_Resilient_Crops"", ""alternatives_easy"": 4, ""alternatives_confidence"": 4, ""alternatives_enough_information"": 4, ""alternatives_scalability"": 4, ""alternative_advantage"": ""very clear measure icons with good explanation"", ""completed_alternative_pathways"": ""yes"", ""alternative_challenge"": ""no additional information on the feasibility of each pathway, which makes it more difficult to understand why some measures need to be in an earlier stage compared to others, or why one is more flexible.""}"
74,20240911150648816741,"{""current_url"": ""/3-pathways-maps"", ""existing_id"": ""20240911150648816741"", ""viewport_size"": {""width"": 1280, ""height"": 567}, ""impairment"": ""No"", ""work"": [""research""], ""expertise"": ""f"", ""use_frequency"": 1, ""viztype_barchart"": 1, ""viztype_pcp"": 1, ""viztype_heatmap"": 1, ""viztype_pathways"": 1, ""completed_introduction"": ""yes"", ""pathway_number"": 3, ""f_resilient_crops"": 4, ""long_term"": ""Flood_Resilient_Crops"", ""flexibility"": ""Ditch_System"", ""alternatives_easy"": 1, ""alternatives_confidence"": 1, ""alternatives_enough_information"": 2, ""alternatives_scalability"": 1, ""alternative_challenge"": ""f"", ""alternative_advantage"": ""f"", ""completed_alternative_pathways"": ""yes"", ""risk_owner_hazard"": ""flood_agr"", ""timehorizon"": ""20"", ""scenarios"": ""D"", ""robustness_metric"": ""average"", ""robustness_plot"": ""PCP"", ""interacting_sectors"": [""no_interactions""], ""coding"": ""f"", ""robustness"": [1], ""tradeoff"": [1], ""general_interactions"": ""synergies"", ""interaction_least_productivity_loss"": [1], ""robustness_easy"": 1, ""robustness_enough_information"": 1, ""robustness_enough_informationn"": 2, ""robustness_scalability"": 1, ""robustness_challenge"": ""f"", ""robustness_advantage"": ""f"", ""completed_pathways_robustness"": ""yes"", ""crop_loss"": 4, ""first_measure"": 4, ""number_measures"": 5, ""most_flexible15"": ""Dike_Maintenance"", ""most_flexible4"": ""local_support"", ""timing_shifts"": ""earlier"", ""ditch_shift"": 4, ""pathways_maps_easy"": 2, ""pathways_maps_confidence"": 1, ""pathways_maps_enough_information"": 1, ""pathways_maps_scalability"": 2, ""pathways_challenge"": ""f"", ""pathways_advantage"": ""f"", ""completed_pathways_maps"": ""yes""}"
76,20240912153854869611,"{""current_url"": ""/4-system_analysis"", ""existing_id"": ""20240912153854869611"", ""viewport_size"": {""width"": 1536, ""height"": 703}, ""impairment"": ""No"", ""work"": [""research""], ""expertise"": ""water management; food systems"", ""use_frequency"": 5, ""viztype_barchart"": 4, ""viztype_pcp"": 3, ""viztype_heatmap"": 3, ""viztype_pathways"": 1, ""completed_introduction"": ""yes"", ""risk_owner_hazard"": ""flood_agr"", ""pathway_number"": 7, ""f_resilient_crops"": 2, ""long_term"": ""large_dikes"", ""flexibility"": ""Flood_Resilient_Crops"", ""alternatives_easy"": 4, ""alternatives_confidence"": 3, ""alternatives_enough_information"": 3, ""alternatives_scalability"": 3, ""alternative_challenge"": ""Icons are nice, but consider simplifying them (just colors and/or letters?). Or just bigger. I don't know if I understand correctly what the sentence \""I am confident that I read this figure correctly to inform the decision-choice\"" refers to, since I have no way to compare them."", ""alternative_advantage"": ""Tree branching quite clear."", ""completed_alternative_pathways"": ""yes"", ""timehorizon"": ""100"", ""scenarios"": ""Wp"", ""robustness_metric"": ""average"", ""robustness_plot"": ""StackedBar"", ""interacting_sectors"": [""no_interactions""], ""coding"": ""Different objectives"", ""crop_loss"": 60, ""robustness"": [4], ""tradeoff"": [0], ""general_interactions"": ""synergies"", ""interaction_least_productivity_loss"": [0, 1, 3, 4], ""robustness_easy"": 2, ""robustness_enough_information"": 2, ""robustness_enough_informationn"": 4, ""robustness_scalability"": 2, ""robustness_challenge"": ""Not totally clear.\n1) How can stacked bars have different units?\n2) Not clear the effect of synergies/interactions (Both increasing the damage function?)\n3) Lifestock or livestock?\n4) Lack of unit of measure on x axis. This makes the sentence \""The length of each colored bar for a given pathway is determined relative to the baseline scenario (when no measures are implemented)\"" hard to understand.\n\nIn general, I think too many information are out there.\nNote that for the plot to refresh I had to select \""no interactions\"", then selecting again the interaction of interest."", ""robustness_advantage"": ""The general aim, to compare different pathways, is nice. Parallel axes plots could be also indicated."", ""completed_pathways_robustness"": ""yes"", ""sectoral_interactions_maps"": ""drought_agr"", ""first_measure"": 2052, ""number_measures"": 3, ""most_flexible15"": ""Flood_Resilient_Crops"", ""most_flexible4"": ""Flood_Resilient_Crops"", ""timing_shifts"": ""earlier"", ""ditch_shift"": -3, ""pathways_maps_easy"": 4, ""pathways_maps_confidence"": 4, ""pathways_maps_enough_information"": 5, ""pathways_maps_scalability"": 4, ""pathways_advantage"": ""Plotting the timing of technical measures introduction is very interesting!"", ""completed_pathways_maps"": ""yes"", ""pathways_challenge"": ""No particular challenges, but it looks a bit messy at first glance. I understand that offsetting the position of the vertexes is useful to avoid overlapping, but it's not very nice to see."", ""pathway_flood_agr"": [0], ""pathway_drought_agr"": [5], ""pathway_flood_urb"": [3], ""pathway_drought_shp"": [6], ""system_analysis_pathways_1560"": 2, ""system_analysis_pathways_1530"": 1, ""system_analysis_pathways_which_better"": ""3"", ""system_analysis_performance_1560"": 150, ""system_analysis_performance_1530"": 30, ""system_analysis_performance_which_better"": ""3"", ""system_analysis_pathways_easy"": 4, ""system_analysis_performance_easy"": 2, ""system_analysis_pathways_confidence"": 4, ""system_analysis_performance_confidence"": 3, ""system_analysis_pathways_enough_information"": 4, ""system_analysis_performance_enough_information"": 3, ""system_analysis_pathways_scalability"": 4, ""system_analysis_performance_scalability"": 2, ""system_analysis_challenge"": ""The visualization of different units of measure is still hard to understand for me.\nA single stacked barplot with absolute values (like the one for pathway performance ) is not really useful to me. Maybe better to show relative contributions (percentages)?"", ""system_analysis_advantage"": ""Interesting the overall idea to compare different pathways"", ""completed_system_analysis"": ""yes""}"
77,20240914133323009713,"{""current_url"": ""/4-system_analysis"", ""existing_id"": ""20240914133323009713"", ""viewport_size"": {""width"": 1646, ""height"": 929}, ""impairment"": ""No"", ""work"": [""research""], ""expertise"": ""Equity in climate-risk management; Flood-risk management; Uncertainty quantification"", ""use_frequency"": 5, ""viztype_barchart"": 3, ""viztype_pcp"": 3, ""viztype_heatmap"": 3, ""viztype_pathways"": 2, ""completed_introduction"": ""yes"", ""pathway_number"": 7, ""f_resilient_crops"": 1, ""long_term"": ""small_dikes"", ""flexibility"": ""Flood_Resilient_Crops"", ""alternatives_easy"": 2, ""alternatives_confidence"": 2, ""alternatives_enough_information"": 2, ""alternatives_scalability"": 2, ""alternative_challenge"": ""I very often go from the map to the legend to refresh my memory and lose track of the logic of the map. I also find the measures slightly vague; it seems like there are many ways to implement any one of these, which presents some ambiguity. "", ""completed_alternative_pathways"": ""yes"", ""alternative_advantage"": ""The sequence of decisions is clear"", ""risk_owner_hazard"": ""flood_agr"", ""timehorizon"": ""60"", ""scenarios"": ""Wp"", ""robustness_metric"": ""average"", ""robustness_plot"": ""StackedBar"", ""interacting_sectors"": [""drought_agr""], ""coding"": ""Different objectives"", ""crop_loss"": 60, ""robustness"": [4], ""tradeoff"": [0], ""general_interactions"": ""synergies"", ""interaction_least_productivity_loss"": [0, 1, 2, 3, 4, 5, 6, 7], ""robustness_easy"": 1, ""robustness_enough_information"": 2, ""robustness_enough_informationn"": 2, ""robustness_scalability"": 1, ""robustness_challenge"": ""I don't know what the synergy or tradeoff effects mean. I don't understand, but want to know, how the strategies were identified and if the differences between them are meaningful. I also want to know what the x-axis is instead of \""the shorter the bar(s), the better\"""", ""robustness_advantage"": ""n/a"", ""completed_pathways_robustness"": ""yes"", ""sectoral_interactions_maps"": ""no_interactions"", ""first_measure"": 2052, ""number_measures"": 2, ""most_flexible15"": ""Flood_Resilient_Crops"", ""most_flexible4"": ""Flood_Resilient_Crops"", ""timing_shifts"": ""notclear"", ""pathways_maps_easy"": 1, ""pathways_maps_confidence"": 1, ""pathways_maps_enough_information"": 1, ""pathways_maps_scalability"": 1, ""pathways_challenge"": ""This is extremely complex and also visually hard to discern distinct elements. I'm also shocked that the map suggests no adaptation for 32 years!"", ""pathways_advantage"": ""nothing"", ""completed_pathways_maps"": ""yes"", ""ditch_shift"": -1, ""system_analysis_focus"": ""system_performance"", ""pathway_flood_agr"": [0, 1], ""pathway_drought_agr"": [0, 1], ""pathway_flood_urb"": [0, 1], ""pathway_drought_shp"": [0, 1], ""system_analysis_pathways_1560"": 2, ""system_analysis_pathways_1530"": 2, ""system_analysis_pathways_which_better"": ""6"", ""system_analysis_performance_1560"": 1, ""system_analysis_performance_1530"": 1, ""system_analysis_performance_which_better"": ""3"", ""system_analysis_pathways_easy"": 1, ""system_analysis_performance_easy"": 1, ""system_analysis_pathways_confidence"": 1, ""system_analysis_performance_confidence"": 1, ""system_analysis_pathways_enough_information"": 1, ""system_analysis_performance_enough_information"": 1, ""system_analysis_pathways_scalability"": 1, ""system_analysis_performance_scalability"": 1, ""system_analysis_challenge"": ""It's hard to describe how complex these are. There is like 100 dimensions to keep in your head, plus you have to fill in the pathway instructions correctly which is hard to remember. "", ""system_analysis_advantage"": ""nothing"", ""completed_system_analysis"": ""yes""}"
100,20240916121622121212,"{""current_url"": ""/4-system_analysis"", ""existing_id"": ""20240916121622121212"", ""viewport_size"": {""width"": 2560, ""height"": 1305}, ""impairment"": ""No"", ""work"": [""research""], ""expertise"": ""Multi-hazards; statistical modelling; DRM"", ""use_frequency"": 4, ""viztype_barchart"": 3, ""viztype_pcp"": 2, ""viztype_heatmap"": 4, ""viztype_pathways"": 2, ""completed_introduction"": ""yes"", ""pathway_number"": 7, ""f_resilient_crops"": 2, ""long_term"": ""large_dikes"", ""flexibility"": ""Flood_Resilient_Crops"", ""alternatives_easy"": 4, ""alternatives_confidence"": 4, ""alternatives_enough_information"": 3, ""alternatives_scalability"": 4, ""alternative_challenge"": ""difficult to tell from the figure why a certain order was chosen as it seems that there is at least one pathway to starts with one of the measures, but for example, why is local support and conservation schemes not an option in the other pathways while it seems very flexible?"", ""alternative_advantage"": ""great icons and helps that they have unique colors."", ""completed_alternative_pathways"": ""yes"", ""risk_owner_hazard"": ""flood_agr"", ""timehorizon"": ""60"", ""scenarios"": ""Wp"", ""robustness_metric"": ""average"", ""robustness_plot"": ""StackedBar"", ""interacting_sectors"": [""no_interactions""], ""coding"": ""different objectives"", ""crop_loss"": 60, ""robustness"": [4], ""tradeoff"": [0], ""general_interactions"": ""synergies"", ""interaction_least_productivity_loss"": [0, 1, 3, 4], ""robustness_easy"": 2, ""robustness_enough_information"": 2, ""robustness_enough_informationn"": 2, ""robustness_scalability"": 2, ""robustness_challenge"": ""unclear what would be considered 'most robust', is it just the smaller values, or also how it compares with 0"", ""robustness_advantage"": ""nice interactive features "", ""completed_pathways_robustness"": ""yes"", ""sectoral_interactions_maps"": ""no_interactions"", ""first_measure"": 2052, ""number_measures"": 3, ""most_flexible15"": ""Flood_Resilient_Crops"", ""most_flexible4"": ""Flood_Resilient_Crops"", ""timing_shifts"": ""earlier"", ""ditch_shift"": -3, ""pathways_maps_easy"": 3, ""pathways_maps_confidence"": 3, ""pathways_maps_enough_information"": 3, ""pathways_maps_scalability"": 4, ""pathways_challenge"": ""because so many pathways overlap it was sometimes difficult to distinguish between pathways"", ""pathways_advantage"": ""that you can click on separate pathways"", ""completed_pathways_maps"": ""yes"", ""pathway_flood_agr"": ""3"", ""pathway_drought_agr"": ""not-considered"", ""pathway_flood_urb"": ""not-considered"", ""pathway_drought_shp"": ""not-considered"", ""system_analysis_pathways_1560"": 2, ""system_analysis_pathways_1530"": 1, ""system_analysis_pathways_which_better"": ""3"", ""system_analysis_performance_1560"": 110, ""system_analysis_performance_1530"": 20, ""system_analysis_performance_which_better"": ""3"", ""system_analysis_pathways_easy"": 4, ""system_analysis_performance_easy"": 4, ""system_analysis_pathways_confidence"": 4, ""system_analysis_performance_confidence"": 4, ""system_analysis_pathways_enough_information"": 4, ""system_analysis_performance_enough_information"": 4, ""system_analysis_pathways_scalability"": 4, ""system_analysis_performance_scalability"": 4, ""system_analysis_advantage"": ""was nice to be able to show multiple combinations in one figure for the robustness."", ""completed_system_analysis"": ""yes"", ""system_analysis_challenge"": ""None""}"
78,20240916062719200097,"{""current_url"": ""/4-system_analysis"", ""existing_id"": ""20240916062719200097"", ""viewport_size"": {""width"": 1512, ""height"": 892}, ""impairment"": ""No"", ""work"": [""research""], ""expertise"": ""climate extremes; societal impacts; multi-hazards"", ""use_frequency"": 4, ""viztype_barchart"": 3, ""viztype_pcp"": 1, ""viztype_heatmap"": 4, ""viztype_pathways"": 1, ""completed_introduction"": ""yes"", ""pathway_number"": 7, ""f_resilient_crops"": 2, ""long_term"": ""small_dikes"", ""flexibility"": ""Flood_Resilient_Crops"", ""alternatives_easy"": 4, ""alternatives_confidence"": 4, ""alternatives_enough_information"": 3, ""alternatives_scalability"": 4, ""alternative_challenge"": ""Differentiating the alternative pathways; potentially fixed by adding some spacing between them."", ""alternative_advantage"": ""The graphics and colours are useful to understand the measures. "", ""completed_alternative_pathways"": ""yes"", ""risk_owner_hazard"": ""flood_agr"", ""timehorizon"": ""60"", ""scenarios"": ""Wp"", ""robustness_metric"": ""average"", ""robustness_plot"": ""StackedBar"", ""interacting_sectors"": [""drought_agr""], ""coding"": ""objectives/effects/impacts"", ""crop_loss"": 60, ""robustness"": [2], ""tradeoff"": [0], ""general_interactions"": ""synergies"", ""interaction_least_productivity_loss"": [3, 4], ""robustness_easy"": 4, ""robustness_enough_information"": 4, ""robustness_enough_informationn"": 5, ""robustness_scalability"": 3, ""robustness_challenge"": ""The sizing of the bars is not 100% intuitive. Potentially adding a x-axis would help. "", ""robustness_advantage"": ""The colours and \""shading\"" help with understanding of the graphic."", ""completed_pathways_robustness"": ""yes"", ""sectoral_interactions_maps"": ""drought_agr"", ""first_measure"": 2050, ""number_measures"": 3, ""most_flexible15"": ""Flood_Resilient_Crops"", ""most_flexible4"": ""Ditch_System"", ""timing_shifts"": ""later"", ""ditch_shift"": 1, ""pathways_maps_easy"": 3, ""pathways_maps_confidence"": 2, ""pathways_maps_enough_information"": 3, ""pathways_maps_scalability"": 3, ""pathways_challenge"": ""In places where many of the pathways overlapped it was difficult to differentiate which was which and to locate where opportunities to with pathways were."", ""pathways_advantage"": ""The concept is quite intuitive and assists in seeing long vs short term actions and what is available later in the period."", ""completed_pathways_maps"": ""yes"", ""pathway_flood_agr"": [1, 0], ""pathway_drought_agr"": [0, 5], ""pathway_flood_urb"": [0, 3], ""pathway_drought_shp"": [0, 1], ""system_analysis_pathways_1560"": 2, ""system_analysis_pathways_1530"": 1, ""system_analysis_pathways_which_better"": ""6"", ""system_analysis_performance_1560"": 110, ""system_analysis_performance_1530"": 20, ""system_analysis_performance_which_better"": ""6"", ""system_analysis_pathways_easy"": 4, ""system_analysis_performance_easy"": 3, ""system_analysis_pathways_confidence"": 4, ""system_analysis_performance_confidence"": 3, ""system_analysis_pathways_enough_information"": 4, ""system_analysis_performance_enough_information"": 4, ""system_analysis_pathways_scalability"": 3, ""system_analysis_performance_scalability"": 3, ""system_analysis_challenge"": ""There was some time taken to process what each of the number sets meant within the performance robustness graphic, especially in regard to which was needed to answer the above questions."", ""system_analysis_advantage"": ""The two graphics in this section were easy to understand and provided enough information to answer the questions above. The first graphic, where pathways were sorted into different sections was very clear."", ""completed_system_analysis"": ""yes""}"
101,20240917061619362648,"{""current_url"": ""/4-system_analysis"", ""existing_id"": ""20240917061619362648"", ""viewport_size"": {""width"": 1366, ""height"": 679}, ""impairment"": ""No"", ""work"": [""research""], ""expertise"": ""Climate Change associated migration; climate hazard projections; Coastal Hazards"", ""use_frequency"": 4, ""viztype_barchart"": 4, ""viztype_pcp"": 3, ""viztype_heatmap"": 4, ""viztype_pathways"": 2, ""completed_introduction"": ""yes"", ""pathway_number"": 7, ""f_resilient_crops"": 1, ""long_term"": ""large_dikes"", ""flexibility"": ""Flood_Resilient_Crops"", ""alternatives_easy"": 4, ""alternatives_confidence"": 4, ""alternatives_enough_information"": 4, ""alternatives_scalability"": 3, ""alternative_challenge"": ""It would have been better if there were more gaps between different pathways, or even have the pathways diverging, the closeness of the pathways made the figure a bit confusing in the beginning."", ""alternative_advantage"": ""The use of icons were good, and additional differentiation using colours were also useful in identifying different options."", ""completed_alternative_pathways"": ""yes"", ""risk_owner_hazard"": ""flood_agr"", ""timehorizon"": ""100"", ""scenarios"": ""Wp"", ""robustness_metric"": ""average"", ""robustness_plot"": ""StackedBar"", ""interacting_sectors"": [""no_interactions""], ""crop_loss"": 60, ""robustness"": [3, 4], ""tradeoff"": [0], ""general_interactions"": ""synergies"", ""interaction_least_productivity_loss"": [3, 4, 0, 1, 2, 5, 6, 7], ""robustness_easy"": 2, ""robustness_enough_information"": 3, ""robustness_enough_informationn"": 3, ""robustness_scalability"": 2, ""completed_pathways_robustness"": ""yes"", ""robustness_challenge"": ""In the figure generated when accounting for the presence of Farmer - Drought strategies, which pathway(s) show the best robustness regarding Crop Productivity Loss in a 4 \u2103 climate scenario over the next 60 years, the crop productivuty loss bar looked different for different pathways, but the information showed by hovering was that the loss was same for all pathways, which was confusing. Also the figure is too small, difficult to distinguish."", ""robustness_advantage"": ""The information given through hovering. "", ""coding"": ""Different impacts for the farmer in a changing climate"", ""sectoral_interactions_maps"": ""no_interactions"", ""first_measure"": 2052, ""number_measures"": 2, ""most_flexible15"": ""Flood_Resilient_Crops"", ""most_flexible4"": ""Flood_Resilient_Crops"", ""timing_shifts"": ""earlier"", ""ditch_shift"": -3, ""pathways_maps_easy"": 4, ""pathways_maps_confidence"": 4, ""pathways_maps_enough_information"": 4, ""pathways_maps_scalability"": 3, ""pathways_challenge"": ""Fairly easy, but colours of large dike and dike maintenance options were too similar. Also  it was not immediately evident that unfilled circles referred to tipping points and not measures, so adding that legend would be useful"", ""pathways_advantage"": ""The markers and additional information helped"", ""completed_pathways_maps"": ""yes"", ""pathway_flood_agr"": [1], ""pathway_drought_agr"": [5], ""pathway_flood_urb"": [3], ""pathway_drought_shp"": [0], ""system_analysis_pathways_1560"": 2, ""system_analysis_pathways_1530"": 1, ""system_analysis_pathways_which_better"": ""3"", ""system_analysis_performance_1560"": 150, ""system_analysis_performance_1530"": 30, ""system_analysis_performance_which_better"": ""3"", ""system_analysis_pathways_easy"": 4, ""system_analysis_performance_easy"": 4, ""system_analysis_pathways_confidence"": 4, ""system_analysis_performance_confidence"": 4, ""system_analysis_pathways_enough_information"": 4, ""system_analysis_performance_enough_information"": 4, ""system_analysis_pathways_scalability"": 4, ""system_analysis_performance_scalability"": 4, ""system_analysis_challenge"": ""In question 5, it was asked that we refer pathways figure and not robustness figure."", ""system_analysis_advantage"": ""The layout"", ""completed_system_analysis"": ""yes""}"
102,20240917162750639109,"{""current_url"": ""/0-introduction"", ""existing_id"": ""20240917162750639109"", ""viewport_size"": {}, ""impairment"": ""No"", ""work"": [""research""], ""use_frequency"": 4, ""viztype_barchart"": 4, ""viztype_pcp"": 1, ""viztype_heatmap"": 4, ""viztype_pathways"": 1, ""completed_introduction"": ""no""}"
103,20240917204819395211,"{""current_url"": ""/4-system_analysis"", ""existing_id"": ""20240917204819395211"", ""viewport_size"": {""width"": 1894, ""height"": 881}, ""impairment"": ""No"", ""work"": [""research""], ""expertise"": ""scenarios; adaptation; economic impacts"", ""use_frequency"": 4, ""viztype_barchart"": 5, ""viztype_pcp"": 2, ""viztype_heatmap"": 4, ""viztype_pathways"": 3, ""completed_introduction"": ""yes"", ""pathway_number"": 7, ""f_resilient_crops"": 1, ""long_term"": ""large_dikes"", ""flexibility"": ""Flood_Resilient_Crops"", ""alternatives_easy"": 5, ""alternatives_confidence"": 4, ""alternatives_enough_information"": 5, ""alternatives_scalability"": 4, ""alternative_challenge"": ""It's a minor point but I wondered if the pathways should be numbered on the left, rather than on the right side. I also don't fully understand why we start from \""no changes are made to the current system\"" because it looks inevitable that you must take a pathway."", ""alternative_advantage"": ""It is very useful as an immediate overview of the number of possibilities you may have and that no single measure will be adequate but that you must combine them (and sequence them)."", ""completed_alternative_pathways"": ""yes"", ""risk_owner_hazard"": ""flood_agr"", ""timehorizon"": ""100"", ""scenarios"": ""Wp"", ""robustness_metric"": ""average"", ""robustness_plot"": ""PCP"", ""interacting_sectors"": [""drought_agr""], ""coding"": ""The different pathways"", ""crop_loss"": 60, ""robustness"": [4], ""tradeoff"": [0], ""general_interactions"": ""synergies"", ""interaction_least_productivity_loss"": [3], ""robustness_easy"": 5, ""robustness_enough_information"": 4, ""robustness_enough_informationn"": 5, ""robustness_scalability"": 5, ""robustness_challenge"": ""I understand the aesthetic appeal but for me personally it was a bit distracting that the colors of the pathways were similar to the colors of the options. It's a bit challenging, but possible, to trace the lines when they get entangled with each other. "", ""robustness_advantage"": ""I've never seen a figure like this and I actually find it a very good way to summarize key information that I (trying to put myself in shoes of a farmer) would want to see."", ""completed_pathways_robustness"": ""yes"", ""sectoral_interactions_maps"": ""drought_agr"", ""first_measure"": 2052, ""number_measures"": 2, ""most_flexible15"": ""Flood_Resilient_Crops"", ""most_flexible4"": ""Flood_Resilient_Crops"", ""timing_shifts"": ""earlier"", ""ditch_shift"": -3, ""pathways_maps_easy"": 3, ""pathways_maps_confidence"": 3, ""pathways_maps_enough_information"": 3, ""pathways_maps_scalability"": 3, ""pathways_challenge"": ""I quickly got lost when the complexity of the map increased. The legend on the right is a bit distracting because it first looks like a destination, although you of course quickly understand it's just a legend, but still. It's a bit confusing that pathways change colors that then match the specific option. In my mind, a pathway has its own distinct color and is populated by different options. But that's perhaps a misunderstanding. "", ""pathways_advantage"": ""Once you get used to reading it, it's a very efficient communication tool about the different possibilities that you may have."", ""completed_pathways_maps"": ""yes"", ""pathway_flood_agr"": ""not-considered"", ""pathway_drought_agr"": ""not-considered"", ""pathway_flood_urb"": ""not-considered"", ""pathway_drought_shp"": ""not-considered"", ""system_analysis_pathways_1560"": 2, ""system_analysis_pathways_1530"": 1, ""system_analysis_pathways_which_better"": ""3"", ""system_analysis_performance_1560"": 150, ""system_analysis_performance_1530"": 30, ""system_analysis_performance_which_better"": ""3"", ""system_analysis_pathways_easy"": 4, ""system_analysis_performance_easy"": 4, ""system_analysis_pathways_confidence"": 3, ""system_analysis_performance_confidence"": 4, ""system_analysis_pathways_enough_information"": 4, ""system_analysis_performance_enough_information"": 4, ""system_analysis_pathways_scalability"": 4, ""system_analysis_performance_scalability"": 5, ""completed_system_analysis"": ""yes"", ""system_analysis_challenge"": ""No challenges :)"", ""system_analysis_advantage"": ""Same as before, I find the visualizations to be a very good way of summarizing the information while still showing its complexity. ""}"
104,20240918095644859189,"{""current_url"": ""/1-measure-sequences"", ""existing_id"": ""20240918095644859189"", ""viewport_size"": {}, ""impairment"": ""No"", ""work"": [""research""], ""expertise"": ""Water resources systems, DMDU"", ""use_frequency"": 5, ""viztype_barchart"": 4, ""viztype_pcp"": 5, ""viztype_heatmap"": 4, ""viztype_pathways"": 4, ""completed_introduction"": ""yes"", ""pathway_number"": 7, ""f_resilient_crops"": 1, ""long_term"": ""small_dikes"", ""flexibility"": ""Flood_Resilient_Crops"", ""alternatives_easy"": 4, ""alternatives_confidence"": 4, ""alternatives_enough_information"": 5, ""alternatives_scalability"": 4, ""alternative_challenge"": ""I have to study the pathways fairly closely to understand how they differ. When I look at the figure, no immediate headline jumps out.\n\nThe colors of the adaptive actions are fairly similar, I have to look closely at each pathway to understand their differences."", ""alternative_advantage"": ""I like the interactive nature of the figure. The extra information that comes when you hover over an action is helpful. The figure is also clean and well organized."", ""completed_alternative_pathways"": ""yes""}"
105,20240918100315427346,"{""current_url"": ""/1-measure-sequences"", ""existing_id"": ""20240918100315427346"", ""viewport_size"": {}, ""impairment"": ""No"", ""work"": [""research""], ""expertise"": ""Water resources systems, DMDU"", ""use_frequency"": 5, ""viztype_barchart"": 5, ""viztype_pcp"": 5, ""viztype_heatmap"": 5, ""viztype_pathways"": 5, ""completed_introduction"": ""yes"", ""pathway_number"": 7, ""f_resilient_crops"": 1, ""long_term"": ""small_dikes"", ""flexibility"": ""Flood_Resilient_Crops"", ""alternatives_easy"": 4, ""alternatives_confidence"": 5, ""alternatives_enough_information"": 5, ""alternatives_scalability"": 5, ""alternative_challenge"": ""I have to study the pathways fairly closely to understand how they differ. When I look at the figure, no immediate headline jumps out."", ""alternative_advantage"": ""I like the interactive nature of the figure. The extra information that comes when you hover over an action is helpful. The figure is also clean and well organized."", ""completed_alternative_pathways"": ""yes""}"
106,20240918100727964870,"{""current_url"": ""/4-system_analysis"", ""existing_id"": ""20240918100727964870"", ""viewport_size"": {""width"": 1536, ""height"": 826}, ""impairment"": ""No"", ""work"": [""research""], ""expertise"": ""Water resources systems, DMDU"", ""use_frequency"": 5, ""viztype_barchart"": 5, ""viztype_pcp"": 5, ""viztype_heatmap"": 5, ""viztype_pathways"": 5, ""completed_introduction"": ""yes"", ""pathway_number"": 7, ""f_resilient_crops"": 1, ""long_term"": ""small_dikes"", ""flexibility"": ""Flood_Resilient_Crops"", ""alternatives_easy"": 5, ""alternatives_confidence"": 4, ""alternatives_enough_information"": 5, ""alternatives_scalability"": 4, ""alternative_challenge"": ""I have to study the pathways fairly closely to understand how they differ. When I look at the figure, no immediate headline jumps out."", ""alternative_advantage"": ""I like the interactive nature of the figure. The extra information that comes when you hover over an action is helpful. The figure is also clean and well organized."", ""completed_alternative_pathways"": ""yes"", ""robustness_plot"": ""Heatmap"", ""drop_down_option"": {""Heatmap"": ""Heatmap""}, ""risk_owner_hazard"": ""flood_agr"", ""timehorizon"": ""60"", ""scenarios"": ""Wp"", ""robustness_metric"": ""average"", ""interacting_sectors"": [""drought_agr""], ""coding"": ""The robustness of each pathway (mean across scenario)"", ""crop_loss"": 60, ""robustness"": [0, 3, 4], ""tradeoff"": [0], ""general_interactions"": ""notclear"", ""interaction_least_productivity_loss"": [3, 4], ""robustness_easy"": 4, ""robustness_enough_information"": 4, ""robustness_enough_informationn"": 3, ""robustness_scalability"": 4, ""robustness_challenge"": ""The interaction effects are difficult to ascertain without a careful study of the figure. I think some additions like an arrow (up or down for conflict vs synergy) or a texture (different hatches to denote conflict or synergy) would be very helpful for understanding interactions"", ""robustness_advantage"": ""I like the clear representation of robustness tradeoffs across the three criteria"", ""completed_pathways_robustness"": ""yes"", ""sectoral_interactions_maps"": ""drought_agr"", ""first_measure"": 2052, ""number_measures"": 2, ""most_flexible15"": ""Flood_Resilient_Crops"", ""most_flexible4"": ""Flood_Resilient_Crops"", ""timing_shifts"": ""later"", ""ditch_shift"": -3, ""pathways_maps_easy"": 3, ""pathways_maps_confidence"": 3, ""pathways_maps_enough_information"": 3, ""pathways_maps_scalability"": 3, ""pathways_challenge"": ""It is hard to distinguish pathways when they merge together and have tipping points in the same year (i.e., pathways 2,6, and 7 in the figure). "", ""pathways_advantage"": ""It is concise and does a nice job showing the tipping points"", ""completed_pathways_maps"": ""yes"", ""pathway_flood_agr"": [1], ""pathway_drought_agr"": [5], ""pathway_flood_urb"": [3, 6], ""pathway_drought_shp"": [0], ""system_analysis_pathways_1560"": 2, ""system_analysis_pathways_1530"": 1, ""system_analysis_pathways_which_better"": ""3"", ""system_analysis_performance_1560"": 110, ""system_analysis_performance_1530"": 20, ""system_analysis_performance_which_better"": ""3"", ""system_analysis_pathways_easy"": 4, ""system_analysis_performance_easy"": 4, ""system_analysis_pathways_confidence"": 3, ""system_analysis_performance_confidence"": 3, ""system_analysis_pathways_enough_information"": 4, ""system_analysis_performance_enough_information"": 4, ""system_analysis_pathways_scalability"": 4, ""system_analysis_performance_scalability"": 3, ""system_analysis_challenge"": ""You have to hold a lot of information in your head at once to use both figures effectively. In the performance plots, the combination labels (i.e. 1,5,3,0) feels a bit abstract and difficult to quickly interpret."", ""system_analysis_advantage"": ""I like how one pathway is highlighted and the others are greyed out. It helps show how the pathways fit into the larger set of options. "", ""completed_system_analysis"": ""yes""}"
